,JPjson,JSONKit,JsonLite,NSJSONSerialization,SBJson,YAJL
apache_builds,12703667,10667250,9720042,13207334,62759333,24013417
github_events,7444375,7534166,6359750,8252292,36039625,13246458
instruments,19523167,18103500,10715250,23235166,131040167,53797125
mesh,136006208,167945250,113447916,251682834,675095208,264930041
mesh.pretty,396179042,211681625,140170750,294446125,745157042,309814750
random,78408709,71108958,48324125,85117750,410114958,162492458
repeat,1124166,1244000,1123708,1285125,5299542,2280541
truenull,415500,428875,377208,541792,9694917,1484709
twitter_timeline,3919167,4168208,3865292,5783542,35979209,9673917
update-center,61773708,55369375,44534709,59913792,357031625,116965000